kTotalStrokes	char
1	一
1	丶
1	丿
1	乙
1	亅
2	丁
2	七
2	乂
2	乃
2	九
2	了
2	二
2	亠
2	人
2	儿
2	入
2	八
2	冂
2	冖
2	冫
2	几
2	凵
2	刀
2	力
2	勹
2	匕
2	匚
2	匸
2	十
2	卜
2	卩
2	厂
2	厶
2	又
2	廴
3	万
3	丈
3	三
3	上
3	下
3	与
3	个
3	丸
3	久
3	之
3	乞
3	也
3	于
3	亡
3	兀
3	凡
3	刃
3	刄
3	勺
3	千
3	叉
3	及
3	口
3	囗
3	土
3	士
3	夂
3	夊
3	夕
3	大
3	女
3	子
3	孑
3	宀
3	寸
3	小
3	尢
3	尸
3	屮
3	山
3	巛
3	川
3	工
3	己
3	已
3	巳
3	巾
3	干
3	幺
3	广
3	廾
3	弋
3	弓
3	彑
3	彡
3	彳
3	才
4	不
4	丐
4	丑
4	中
4	丹
4	乏
4	乢
4	予
4	云
4	互
4	五
4	井
4	亢
4	什
4	仁
4	仂
4	仄
4	仆
4	仇
4	今
4	介
4	仍
4	从
4	仏
4	以
4	允
4	元
4	公
4	六
4	兮
4	内
4	円
4	冗
4	凶
4	分
4	切
4	刈
4	勾
4	勿
4	匁
4	匂
4	化
4	匹
4	区
4	卅
4	卆
4	升
4	午
4	卍
4	卞
4	厄
4	友
4	双
4	反
4	収
4	壬
4	天
4	太
4	夫
4	夬
4	夭
4	孔
4	少
4	尤
4	尹
4	尺
4	屯
4	巨
4	巴
4	幻
4	廿
4	弌
4	弔
4	引
4	弖
4	心
4	戈
4	戸
4	手
4	扎
4	支
4	攴
4	攵
4	文
4	斗
4	斤
4	方
4	无
4	旡
4	日
4	曰
4	月
4	木
4	欠
4	止
4	歹
4	殳
4	毋
4	比
4	毛
4	氏
4	气
4	水
4	火
4	爪
4	父
4	爻
4	爿
4	片
4	牙
4	牛
4	犬
4	王
4	瓦
4	辷
5	且
5	丕
5	世
5	丗
5	丘
5	丙
5	丱
5	主
5	丼
5	乍
5	乎
5	仔
5	仕
5	他
5	仗
5	付
5	仙
5	仝
5	仞
5	仟
5	代
5	令
5	仭
5	兄
5	冉
5	冊
5	册
5	写
5	冬
5	処
5	凧
5	凸
5	凹
5	出
5	刊
5	刋
5	功
5	加
5	包
5	匆
5	北
5	匝
5	卉
5	半
5	占
5	卮
5	卯
5	印
5	去
5	古
5	句
5	叨
5	叩
5	只
5	叫
5	召
5	叭
5	叮
5	可
5	台
5	叱
5	史
5	右
5	叶
5	号
5	司
5	叺
5	囘
5	囚
5	四
5	圦
5	圧
5	外
5	夘
5	央
5	失
5	夲
5	奴
5	孕
5	它
5	尓
5	尻
5	尼
5	屶
5	左
5	巧
5	市
5	布
5	平
5	幼
5	庁
5	広
5	弁
5	弍
5	弗
5	弘
5	必
5	戉
5	戊
5	打
5	払
5	斥
5	旦
5	旧
5	未
5	末
5	本
5	札
5	朮
5	正
5	母
5	民
5	氷
5	永
5	氾
5	汀
5	汁
5	犯
5	玄
5	玉
5	瓜
5	甘
5	生
5	用
5	田
5	由
5	甲
5	申
5	疋
5	癶
5	白
5	皮
5	皿
5	目
5	矛
5	矢
5	石
5	示
5	礼
5	禾
5	穴
5	立
5	艾
5	辺
5	辻
5	込
5	阡
6	丞
6	両
6	争
6	亘
6	亙
6	交
6	亥
6	亦
6	仮
6	仰
6	仲
6	件
6	价
6	任
6	企
6	伉
6	伊
6	伍
6	伎
6	伏
6	伐
6	休
6	会
6	伜
6	伝
6	似
6	充
6	兆
6	兇
6	先
6	光
6	全
6	共
6	再
6	冰
6	冱
6	冲
6	决
6	冴
6	凩
6	凪
6	刎
6	刑
6	刔
6	列
6	劣
6	匈
6	匠
6	匡
6	危
6	吁
6	吃
6	各
6	合
6	吉
6	吊
6	吋
6	同
6	名
6	后
6	吏
6	吐
6	向
6	吸
6	回
6	因
6	団
6	在
6	圭
6	地
6	圷
6	圸
6	壮
6	夙
6	多
6	夛
6	夷
6	夸
6	奸
6	好
6	妁
6	如
6	妃
6	妄
6	字
6	存
6	宅
6	宇
6	守
6	安
6	寺
6	尖
6	尽
6	屹
6	岌
6	州
6	巡
6	帆
6	年
6	幵
6	并
6	庄
6	延
6	廷
6	式
6	弐
6	弛
6	当
6	忖
6	忙
6	戌
6	戍
6	戎
6	成
6	托
6	扛
6	扞
6	扠
6	扣
6	扨
6	扱
6	收
6	攷
6	旨
6	早
6	旬
6	旭
6	曲
6	曳
6	有
6	朱
6	朴
6	朶
6	朷
6	朸
6	机
6	朽
6	朿
6	杁
6	次
6	此
6	死
6	毎
6	気
6	汎
6	汐
6	汕
6	汗
6	汚
6	汝
6	江
6	池
6	汢
6	汲
6	灯
6	灰
6	牝
6	牟
6	犲
6	百
6	祁
6	竹
6	米
6	糸
6	缶
6	网
6	羊
6	羽
6	老
6	考
6	而
6	耒
6	耳
6	聿
6	肉
6	肋
6	肌
6	臣
6	自
6	至
6	臼
6	舌
6	舛
6	舟
6	艮
6	色
6	艸
6	芋
6	芍
6	芒
6	芝
6	虍
6	虫
6	血
6	行
6	衣
6	襾
6	西
6	赱
6	辿
6	迂
6	迄
6	迅
6	那
6	邦
6	邨
6	邪
6	阨
6	阪
6	阮
6	阯
6	防
7	串
7	乕
7	乱
7	亊
7	亜
7	亨
7	伯
7	估
7	伴
7	伶
7	伸
7	伺
7	伽
7	佃
7	但
7	佇
7	位
7	低
7	住
7	佐
7	佑
7	体
7	何
7	佗
7	余
7	佚
7	佛
7	作
7	佝
7	佞
7	克
7	兌
7	免
7	兎
7	児
7	兵
7	冏
7	况
7	冶
7	冷
7	初
7	判
7	別
7	刧
7	利
7	刪
7	助
7	努
7	劫
7	劬
7	劭
7	励
7	労
7	匣
7	医
7	即
7	却
7	卵
7	君
7	吝
7	吟
7	吠
7	否
7	吩
7	含
7	听
7	吭
7	吮
7	吶
7	吹
7	吻
7	吼
7	吽
7	吾
7	呀
7	呂
7	呆
7	呈
7	呉
7	告
7	呎
7	呑
7	囮
7	困
7	囲
7	図
7	圻
7	址
7	坂
7	均
7	坊
7	坎
7	坏
7	坐
7	坑
7	壯
7	声
7	壱
7	売
7	夾
7	妊
7	妍
7	妓
7	妖
7	妙
7	妛
7	妝
7	妣
7	妥
7	妨
7	姉
7	孚
7	孛
7	孜
7	孝
7	宋
7	完
7	宍
7	宏
7	対
7	寿
7	尨
7	尾
7	尿
7	局
7	屁
7	岐
7	岑
7	岔
7	巫
7	巵
7	帋
7	希
7	庇
7	床
7	序
7	廸
7	弃
7	弄
7	弟
7	形
7	彷
7	役
7	忌
7	忍
7	志
7	忘
7	応
7	忤
7	快
7	忰
7	忱
7	忸
7	忻
7	我
7	戒
7	戻
7	扮
7	扶
7	批
7	扼
7	找
7	技
7	抂
7	抃
7	抄
7	抉
7	把
7	抑
7	抒
7	抓
7	抔
7	投
7	抖
7	抗
7	折
7	抛
7	抜
7	択
7	拒
7	攸
7	改
7	攻
7	斈
7	旱
7	更
7	曵
7	杆
7	杉
7	李
7	杏
7	材
7	村
7	杓
7	杖
7	杙
7	杜
7	杞
7	束
7	杠
7	条
7	杢
7	杣
7	杤
7	来
7	求
7	汞
7	汨
7	汪
7	汰
7	汳
7	決
7	汽
7	汾
7	沁
7	沂
7	沃
7	沈
7	沌
7	沍
7	沐
7	沒
7	沖
7	沙
7	沚
7	沛
7	没
7	沢
7	泛
7	灸
7	灼
7	災
7	牡
7	牢
7	状
7	犹
7	狂
7	狃
7	狄
7	狆
7	玖
7	瓧
7	瓩
7	甫
7	甬
7	男
7	甸
7	町
7	甼
7	疔
7	皀
7	皃
7	矣
7	社
7	祀
7	禿
7	秀
7	私
7	究
7	竍
7	糺
7	系
7	罕
7	羌
7	肓
7	肖
7	肘
7	肚
7	肛
7	肝
7	良
7	芙
7	芟
7	芥
7	芦
7	芫
7	芬
7	芭
7	芯
7	花
7	芳
7	芸
7	芹
7	芽
7	苅
7	苡
7	苣
7	見
7	角
7	言
7	谷
7	豆
7	豕
7	豸
7	貝
7	赤
7	走
7	足
7	身
7	車
7	辛
7	辰
7	迎
7	近
7	返
7	迚
7	邑
7	邯
7	邱
7	邵
7	邸
7	酉
7	釆
7	里
7	阻
7	阿
7	陀
7	陂
7	附
7	麦
8	並
8	乖
8	乳
8	事
8	些
8	亞
8	亟
8	享
8	京
8	佩
8	佯
8	佰
8	佳
8	併
8	佶
8	佻
8	佼
8	使
8	侃
8	來
8	侈
8	例
8	侍
8	侏
8	侑
8	侖
8	侘
8	供
8	依
8	侠
8	価
8	侫
8	侭
8	兒
8	兔
8	兩
8	其
8	具
8	典
8	冐
8	冽
8	凭
8	函
8	刮
8	到
8	刳
8	制
8	刷
8	券
8	刹
8	刺
8	刻
8	劵
8	効
8	劼
8	劾
8	卑
8	卒
8	卓
8	協
8	卦
8	卷
8	参
8	叔
8	取
8	受
8	呟
8	周
8	呪
8	呱
8	味
8	呵
8	呶
8	呷
8	呻
8	呼
8	命
8	咀
8	咄
8	咆
8	咋
8	和
8	咎
8	咏
8	咐
8	咒
8	咼
8	囹
8	固
8	国
8	坡
8	坤
8	坦
8	坩
8	坪
8	坿
8	垂
8	垈
8	垉
8	夜
8	奄
8	奇
8	奈
8	奉
8	奔
8	妬
8	妲
8	妹
8	妻
8	妾
8	姆
8	始
8	姐
8	姑
8	姓
8	委
8	孟
8	季
8	孤
8	孥
8	学
8	宕
8	宗
8	官
8	宙
8	定
8	宛
8	宜
8	宝
8	実
8	尚
8	尭
8	居
8	屆
8	屈
8	届
8	岡
8	岨
8	岩
8	岫
8	岬
8	岱
8	岳
8	岶
8	岷
8	岸
8	岻
8	岼
8	岾
8	峅
8	帑
8	帖
8	帙
8	帚
8	帛
8	幸
8	底
8	庖
8	店
8	庚
8	府
8	建
8	廻
8	廼
8	弥
8	弦
8	弧
8	弩
8	彼
8	彿
8	往
8	征
8	徂
8	徃
8	径
8	忝
8	忠
8	念
8	忽
8	忿
8	怏
8	怐
8	怕
8	怖
8	怙
8	怛
8	怜
8	怡
8	怦
8	性
8	怩
8	怪
8	怫
8	怯
8	怺
8	戔
8	或
8	房
8	所
8	承
8	披
8	抬
8	抱
8	抵
8	抹
8	抻
8	押
8	抽
8	拂
8	担
8	拆
8	拇
8	拈
8	拉
8	拊
8	拌
8	拍
8	拐
8	拑
8	拓
8	拔
8	拗
8	拘
8	拙
8	招
8	拝
8	拠
8	拡
8	放
8	斉
8	斧
8	於
8	旺
8	旻
8	昂
8	昃
8	昆
8	昇
8	昊
8	昌
8	明
8	昏
8	易
8	昔
8	朋
8	服
8	杪
8	杭
8	杯
8	杰
8	東
8	杲
8	杳
8	杵
8	杷
8	杼
8	松
8	板
8	枅
8	枇
8	枉
8	枋
8	枌
8	析
8	枕
8	林
8	枚
8	果
8	枝
8	枠
8	枡
8	枢
8	枦
8	枩
8	欣
8	欧
8	武
8	歩
8	歿
8	殀
8	殴
8	毟
8	氓
8	氛
8	沓
8	沫
8	沮
8	沱
8	河
8	沸
8	油
8	沺
8	治
8	沼
8	沽
8	沾
8	沿
8	況
8	泄
8	泅
8	泊
8	泌
8	泓
8	法
8	泗
8	泙
8	泝
8	泡
8	波
8	泣
8	泥
8	注
8	泪
8	泯
8	泱
8	泳
8	浅
8	炉
8	炊
8	炎
8	炒
8	炙
8	炬
8	爬
8	爭
8	牀
8	版
8	牧
8	物
8	狎
8	狐
8	狒
8	狗
8	狙
8	狛
8	玩
8	瓮
8	瓰
8	瓲
8	画
8	畄
8	疚
8	疝
8	的
8	盂
8	盲
8	直
8	知
8	矼
8	祇
8	祈
8	祉
8	秉
8	穹
8	空
8	竏
8	竺
8	籵
8	糾
8	罔
8	者
8	耶
8	股
8	肢
8	肥
8	肩
8	肪
8	肬
8	肭
8	肯
8	肱
8	育
8	肴
8	肺
8	臥
8	臾
8	舍
8	舎
8	苑
8	苒
8	苓
8	苔
8	苗
8	苙
8	苛
8	苜
8	苞
8	苟
8	若
8	苦
8	苧
8	苫
8	英
8	苳
8	苴
8	苹
8	苺
8	苻
8	茂
8	茄
8	茅
8	茆
8	茉
8	茎
8	虎
8	虱
8	表
8	衫
8	軋
8	迢
8	迥
8	迦
8	迩
8	迪
8	迫
8	迭
8	迯
8	述
8	郁
8	郊
8	郎
8	采
8	金
8	長
8	門
8	阜
8	陋
8	陌
8	降
8	陏
8	限
8	隶
8	隹
8	雨
8	青
8	非
8	鼡
8 9	范
9	乗
9	亭
9	亮
9	亰
9	侮
9	侯
9	侵
9	侶
9	便
9	係
9	促
9	俄
9	俊
9	俎
9	俐
9	俑
9	俔
9	俗
9	俘
9	俚
9	俛
9	保
9	俟
9	信
9	俣
9	俤
9	俥
9	修
9	兪
9	冑
9	冒
9	冠
9	凾
9	剃
9	剄
9	則
9	削
9	剋
9	剌
9	前
9	剏
9	勁
9	勃
9	勅
9	勇
9	勉
9	匍
9	南
9	単
9	卸
9	卻
9	厖
9	厘
9	厚
9	叙
9	叛
9	叟
9	呰
9	咢
9	咤
9	咥
9	咨
9	咫
9	咬
9	咯
9	咲
9	咳
9	咸
9	咽
9	咾
9	哀
9	品
9	哂
9	哄
9	哇
9	哈
9	哉
9	哘
9	囿
9	圀
9	型
9	垓
9	垠
9	垢
9	垣
9	垤
9	垪
9	垰
9	垳
9	城
9	変
9	奎
9	奏
9	奐
9	契
9	奕
9	姙
9	姚
9	姜
9	姥
9	姦
9	姨
9	姪
9	姫
9	姶
9	姻
9	姿
9	威
9	娃
9	娜
9	孩
9	客
9	宣
9	室
9	宥
9	宦
9	封
9	専
9	将
9	屋
9	屍
9	屎
9	屏
9	峇
9	峙
9	峠
9	峡
9	差
9	巷
9	巻
9	帝
9	帥
9	幽
9	庠
9	度
9	庭
9	弭
9	弯
9	彖
9	彦
9	待
9	徇
9	很
9	徊
9	律
9	後
9	怎
9	怒
9	思
9	怠
9	急
9	怨
9	怱
9	恂
9	恃
9	恆
9	恊
9	恍
9	恒
9	恟
9	恠
9	恢
9	恤
9	恨
9	恪
9	恫
9	恬
9	恰
9	扁
9	拏
9	拜
9	括
9	拭
9	拮
9	拯
9	拱
9	拵
9	拶
9	拷
9	拾
9	持
9	挂
9	指
9	按
9	挌
9	挑
9	挟
9	挧
9	挺
9	政
9	故
9	斫
9	施
9	既
9	昜
9	星
9	映
9	春
9	昧
9	昨
9	昭
9	是
9	昴
9	昵
9	昶
9	昼
9	昿
9	曷
9	朏
9	枯
9	枳
9	枴
9	架
9	枷
9	枸
9	枹
9	柁
9	柄
9	柆
9	柊
9	柎
9	柏
9	某
9	柑
9	染
9	柔
9	柘
9	柚
9	柝
9	柞
9	柢
9	柤
9	柧
9	柩
9	柬
9	柮
9	柯
9	柱
9	柳
9	柵
9	査
9	柾
9	柿
9	栂
9	栃
9	栄
9	歪
9	殃
9	殄
9	殆
9	残
9	段
9	毒
9	毘
9	泉
9	洋
9	洌
9	洒
9	洗
9	洙
9	洛
9	洞
9	洟
9	津
9	洩
9	洪
9	洫
9	洲
9	洳
9	洵
9	洶
9	洸
9	活
9	洽
9	派
9	浄
9	涎
9	炭
9	炮
9	炯
9	炳
9	炸
9	点
9	為
9	爰
9	爼
9	牲
9	牴
9	狠
9	狡
9	狢
9	狩
9	独
9	狭
9	玲
9	玳
9	玻
9	珀
9	珂
9	珈
9	珊
9	珍
9	珎
9	瓱
9	甚
9	畆
9	畉
9	畊
9	畋
9	界
9	畍
9	畏
9	畑
9	疣
9	疥
9	疫
9	癸
9	発
9	皆
9	皇
9	皈
9	盃
9	盆
9	盈
9	相
9	盻
9	盾
9	省
9	眄
9	眇
9	眈
9	眉
9	看
9	県
9	矜
9	矧
9	矩
9	砂
9	砌
9	砒
9	研
9	砕
9	祐
9	祓
9	祕
9	祖
9	祗
9	祚
9	祝
9	神
9	祠
9	祢
9	禹
9	禺
9	秋
9	科
9	秒
9	秕
9	秬
9	穽
9	穿
9	突
9	窃
9	竒
9	竓
9	竕
9	竿
9	笂
9	笈
9	籾
9	粁
9	粂
9	紀
9	紂
9	約
9	紅
9	紆
9	級
9	缸
9	罘
9	美
9	耐
9	胃
9	胄
9	胆
9	背
9	胎
9	胖
9	胙
9	胚
9	胛
9	胝
9	胞
9	胡
9	胤
9	胥
9	脉
9	舁
9	茖
9	茗
9	茘
9	茜
9	茨
9	茫
9	茯
9	茱
9	茲
9	茴
9	茵
9	茶
9	茸
9	茹
9	荀
9	荅
9	草
9	荊
9	荏
9	荐
9	荒
9	荘
9	莚
9	虐
9	虹
9	虻
9	蚤
9	衂
9	衍
9	衲
9	衵
9	衽
9	衿
9	袂
9	要
9	訂
9	訃
9	計
9	貞
9	負
9	赳
9	赴
9	軌
9	軍
9	迴
9	迷
9	迸
9	迹
9	迺
9	追
9	退
9	送
9	逃
9	逅
9	逆
9	郛
9	郡
9	郢
9	郤
9	酊
9	酋
9	重
9	閂
9	陛
9	陜
9	陝
9	陞
9	陟
9	院
9	陣
9	除
9	陥
9	陦
9	面
9	革
9	韋
9	韭
9	音
9	頁
9	風
9	飛
9	食
9	首
9	香
9	骨
9	鬼
9	鳬
10	乘
10	亳
10	俯
10	俳
10	俵
10	俶
10	俸
10	俺
10	俾
10	倅
10	倆
10	倉
10	個
10	倍
10	倏
10	們
10	倒
10	倔
10	倖
10	候
10	倚
10	借
10	倡
10	倣
10	値
10	倥
10	倦
10	倨
10	倩
10	倪
10	倫
10	倬
10	倭
10	倶
10	倹
10	偖
10	健
10	党
10	兼
10	冓
10	冢
10	冤
10	冥
10	冦
10	凄
10	凅
10	准
10	凉
10	凋
10	凌
10	凍
10	剔
10	剖
10	剛
10	剞
10	剣
10	剤
10	剥
10	勍
10	務
10	匪
10	匿
10	卿
10	原
10	員
10	哢
10	哥
10	哦
10	哨
10	哩
10	哭
10	哮
10	哲
10	哺
10	哽
10	唄
10	唆
10	唇
10	唏
10	唐
10	唔
10	唖
10	圃
10	圄
10	埀
10	埃
10	埆
10	埋
10	埒
10	埓
10	埔
10	埖
10	夏
10	套
10	奘
10	奚
10	娉
10	娑
10	娘
10	娚
10	娟
10	娠
10	娥
10	娩
10	娯
10	婀
10	孫
10	宮
10	宰
10	害
10	宴
10	宵
10	家
10	宸
10	容
10	射
10	尅
10	屐
10	屑
10	屓
10	展
10	峨
10	峩
10	峪
10	峭
10	峯
10	峰
10	島
10	峺
10	峻
10	峽
10	崋
10	師
10	席
10	帯
10	帰
10	座
10	庫
10	弉
10	弱
10	徐
10	徑
10	徒
10	従
10	恁
10	恋
10	恐
10	恕
10	恙
10	恚
10	恣
10	恥
10	恩
10	恭
10	息
10	恵
10	恷
10	悁
10	悃
10	悄
10	悋
10	悌
10	悍
10	悒
10	悔
10	悖
10	悗
10	悚
10	悛
10	悟
10	悦
10	悧
10	悩
10	扇
10	拳
10	拿
10	挈
10	挙
10	挨
10	挫
10	振
10	挽
10	挾
10	挿
10	捉
10	捌
10	捍
10	捏
10	捐
10	捕
10	捗
10	捜
10	效
10	敖
10	料
10	旁
10	旃
10	旄
10	旅
10	旆
10	晁
10	時
10	晃
10	晄
10	晉
10	晋
10	晏
10	晒
10	晟
10	書
10	朔
10	朕
10	朗
10	柴
10	栓
10	栖
10	栗
10	栞
10	校
10	栢
10	栩
10	株
10	栫
10	栲
10	栴
10	核
10	根
10	格
10	栽
10	桀
10	桁
10	桂
10	桃
10	框
10	案
10	桍
10	桎
10	桐
10	桑
10	桓
10	桔
10	桙
10	桜
10	桝
10	桟
10	档
10	桧
10	梃
10	梛
10	條
10	梠
10	殉
10	殊
10	殷
10	殺
10	氣
10	氤
10	泰
10	流
10	浙
10	浚
10	浜
10	浣
10	浤
10	浦
10	浩
10	浪
10	浬
10	浮
10	浴
10	海
10	浸
10	浹
10	涅
10	消
10	涌
10	涓
10	涕
10	涙
10	涛
10	涜
10	烈
10	烋
10	烏
10	烙
10	烝
10	烟
10	特
10	狷
10	狸
10	狹
10	狼
10	狽
10	珞
10	珠
10	珥
10	珪
10	班
10	珮
10	珱
10	瓶
10	瓷
10	畔
10	留
10	畚
10	畛
10	畜
10	畝
10	畠
10	畢
10	疱
10	疲
10	疳
10	疸
10	疹
10	疼
10	疽
10	疾
10	痂
10	痃
10	病
10	症
10	皋
10	皰
10	益
10	盍
10	眛
10	眞
10	真
10	眠
10	眤
10	眩
10	砠
10	砥
10	砧
10	砲
10	破
10	砺
10	砿
10	祟
10	祥
10	秘
10	租
10	秡
10	秣
10	秤
10	秦
10	秧
10	秩
10	称
10	窄
10	窈
10	站
10	竚
10	竜
10	竝
10	笄
10	笆
10	笊
10	笋
10	笏
10	笑
10	粃
10	粉
10	粋
10	粍
10	粐
10	紊
10	紋
10	納
10	紐
10	純
10	紕
10	紗
10	紘
10	紙
10	紛
10	紜
10	素
10	紡
10	索
10	缺
10	罟
10	罠
10	羔
10	羞
10	翁
10	翅
10	翆
10	耄
10	耆
10	耕
10	耗
10	耘
10	耙
10	耻
10	耽
10	耿
10	胯
10	胱
10	胴
10	胸
10	胼
10	能
10	脂
10	脅
10	脆
10	脇
10	脈
10	脊
10	脩
10	臭
10	致
10	舐
10	舩
10	航
10	舫
10	般
10	舮
10	芻
10	茣
10	荳
10	荵
10	荷
10	荻
10	荼
10	莅
10	莇
10	莉
10	莊
10	莎
10	莓
10	莖
10	莞
10	莟
10	莠
10	莢
10	莨
10	莪
10	莫
10	莱
10	莵
10	莽
10	華
10	虔
10	蚊
10	蚋
10	蚌
10	蚓
10	蚕
10	蚣
10	蚩
10	蚪
10	衄
10	衰
10	衷
10	衾
10	袁
10	袍
10	袒
10	袖
10	袗
10	袙
10	袢
10	被
10	袮
10	訊
10	訌
10	討
10	訐
10	訓
10	訖
10	託
10	記
10	豈
10	豹
10	豺
10	財
10	貢
10	起
10	躬
10	軒
10	辱
10	逋
10	逍
10	逎
10	透
10	逐
10	逑
10	逓
10	途
10	逕
10	逖
10	逗
10	這
10	通
10	逝
10	逞
10	速
10	造
10	逡
10	逢
10	連
10	逧
10	部
10	郭
10	郵
10	郷
10	都
10	酌
10	配
10	酎
10	酒
10	釖
10	釘
10	釛
10	釜
10	針
10	釟
10	釡
10	閃
10	陪
10	陬
10	陰
10	陲
10	陳
10	陵
10	陶
10	陷
10	陸
10	険
10	隻
10	隼
10	飢
10	馬
10	高
10	髟
10	鬥
10	鬯
10	鬲
11	乾
11	亀
11	偃
11	假
11	偈
11	偉
11	偏
11	偐
11	偕
11	做
11	停
11	偬
11	偲
11	側
11	偵
11	偶
11	偸
11	偽
11	傀
11	兜
11	冕
11	冨
11	凰
11	剪
11	副
11	剰
11	剱
11	剳
11	勒
11	動
11	勗
11	勘
11	匏
11	匐
11	匙
11	區
11	厠
11	厩
11	參
11	售
11	唯
11	唱
11	唳
11	唸
11	唹
11	唾
11	啀
11	啄
11	啅
11	商
11	啌
11	問
11	啓
11	啖
11	啗
11	啜
11	啝
11	営
11	圈
11	圉
11	國
11	埜
11	域
11	埠
11	埣
11	埴
11	執
11	培
11	基
11	埼
11	堀
11	堂
11	堅
11	堆
11	堊
11	堋
11	堕
11	堝
11	堵
11	壷
11	奢
11	娵
11	娶
11	娼
11	婁
11	婆
11	婉
11	婚
11	婢
11	婦
11	婪
11	婬
11	孰
11	宿
11	寂
11	寃
11	寄
11	寅
11	密
11	寇
11	寉
11	將
11	專
11	尉
11	屠
11	崇
11	崎
11	崑
11	崔
11	崕
11	崖
11	崗
11	崘
11	崙
11	崚
11	崛
11	崟
11	崢
11	崩
11	巣
11	帳
11	帶
11	帷
11	常
11	庵
11	庶
11	康
11	庸
11	廊
11	張
11	強
11	弸
11	彗
11	彩
11	彪
11	彫
11	彬
11	得
11	徘
11	徙
11	從
11	徠
11	悉
11	悠
11	患
11	悪
11	悴
11	悵
11	悸
11	悼
11	悽
11	情
11	惆
11	惇
11	惓
11	惘
11	惚
11	惜
11	惟
11	惧
11	惨
11	戚
11	戛
11	戝
11	扈
11	捧
11	捨
11	捩
11	捫
11	据
11	捲
11	捶
11	捷
11	捺
11	捻
11	掀
11	掃
11	授
11	掉
11	掎
11	掏
11	排
11	掖
11	掘
11	掛
11	掟
11	掠
11	採
11	探
11	接
11	控
11	推
11	掩
11	措
11	掫
11	掬
11	掲
11	掴
11	掵
11	掻
11	描
11	揶
11	敍
11	敏
11	救
11	敕
11	敗
11	敘
11	教
11	敝
11	敢
11	斎
11	斛
11	斜
11	斬
11	断
11	旋
11	旌
11	族
11	晝
11	晞
11	晢
11	晤
11	晦
11	晧
11	晨
11	曹
11	曼
11	曽
11	朖
11	望
11	桴
11	桶
11	桷
11	桾
11	桿
11	梁
11	梅
11	梍
11	梏
11	梓
11	梔
11	梗
11	梟
11	梢
11	梦
11	梧
11	梨
11	梭
11	梯
11	械
11	梱
11	梳
11	梵
11	梶
11	梹
11	梺
11	梼
11	椛
11	欲
11	欷
11	欸
11	殍
11	殻
11	毫
11	毬
11	涯
11	液
11	涵
11	涸
11	涼
11	淀
11	淅
11	淆
11	淇
11	淋
11	淌
11	淑
11	淒
11	淕
11	淘
11	淙
11	淞
11	淡
11	淤
11	淦
11	淨
11	淪
11	淫
11	淬
11	淮
11	深
11	淳
11	混
11	淹
11	淺
11	添
11	清
11	渇
11	済
11	渉
11	渊
11	渋
11	渓
11	渕
11	渚
11	渠
11	渦
11	渮
11	烱
11	烹
11	烽
11	焉
11	焔
11	爽
11	牽
11	牾
11	犁
11	猊
11	猖
11	猗
11	猛
11	猜
11	猝
11	猟
11	猪
11	猫
11	率
11	珸
11	現
11	球
11	琅
11	理
11	琉
11	瓠
11	瓸
11	甜
11	産
11	畤
11	略
11	畦
11	畧
11	畩
11	異
11	疵
11	痊
11	痍
11	痒
11	痔
11	痕
11	皎
11	皐
11	盒
11	盖
11	盗
11	盛
11	眥
11	眦
11	眷
11	眸
11	眺
11	眼
11	着
11	砦
11	硅
11	票
11	祭
11	祷
11	移
11	窒
11	窓
11	窕
11	竟
11	章
11	竡
11	笘
11	笙
11	笛
11	笞
11	笠
11	笥
11	符
11	笨
11	第
11	笳
11	笵
11	笶
11	笹
11	粒
11	粕
11	粗
11	粘
11	粛
11	紬
11	紮
11	累
11	細
11	紲
11	紳
11	紵
11	紹
11	紺
11	紿
11	終
11	絃
11	組
11	絅
11	絆
11	絋
11	経
11	羚
11	羝
11	翊
11	翌
11	習
11	耜
11	聆
11	聊
11	脚
11	脛
11	脣
11	脯
11	脱
11	脳
11	舂
11	舳
11	舵
11	舶
11	舷
11	舸
11	船
11	菁
11	菅
11	菊
11	菌
11	菎
11	菓
11	菖
11	菘
11	菜
11	菟
11	菠
11	菩
11	菫
11	菰
11	菱
11	菲
11	菴
11	菷
11	菻
11	菽
11	萃
11	萄
11	萇
11	萋
11	萌
11	萍
11	萎
11	萓
11	萠
11	萢
11	萵
11	萸
11	著
11	處
11	虚
11	蚫
11	蚯
11	蚰
11	蚶
11	蛄
11	蛆
11	蛇
11	蛉
11	蛋
11	蛍
11	蛎
11	衒
11	術
11	袈
11	袋
11	袞
11	袤
11	袰
11	袱
11	袴
11	袵
11	袷
11	袿
11	裃
11	裄
11	規
11	覓
11	視
11	訛
11	訝
11	訟
11	訣
11	訥
11	訪
11	設
11	許
11	訳
11	谺
11	豚
11	象
11	豼
11	貧
11	貨
11	販
11	貪
11	貫
11	責
11	貭
11	貮
11	貶
11	赦
11	赧
11	趺
11	趾
11	跂
11	距
11	躯
11	軛
11	軟
11	転
11	軣
11	逮
11	週
11	進
11	逵
11	逶
11	逸
11	逹
11	過
11	鄂
11	酔
11	酖
11	酘
11	釈
11	野
11	釣
11	釦
11	釧
11	釵
11	釶
11	釼
11	閇
11	閉
11	閊
11	陽
11	隅
11	隆
11	隈
11	隊
11	隋
11	隍
11	階
11	随
11	隗
11	雀
11	雪
11	雫
11	頂
11	頃
11	馗
11	魚
11	鳥
11	鹵
11	鹿
11	麥
11	麸
11	麻
11	黄
11	黒
12	傅
12	傍
12	傑
12	傘
12	備
12	傚
12	傲
12	凖
12	凱
12	剩
12	割
12	剴
12	創
12	勝
12	勞
12	募
12	博
12	厥
12	厦
12	厨
12	啣
12	啻
12	啼
12	啾
12	喀
12	喃
12	善
12	喇
12	喉
12	喊
12	喋
12	喘
12	喙
12	喚
12	喜
12	喝
12	喞
12	喟
12	喧
12	喨
12	喩
12	喪
12	喫
12	喬
12	單
12	喰
12	嗟
12	圍
12	圏
12	堙
12	堡
12	堤
12	堪
12	堯
12	堰
12	報
12	場
12	堺
12	塀
12	塁
12	塊
12	塔
12	壹
12	壺
12	壻
12	奠
12	奥
12	婿
12	媒
12	媚
12	媛
12	嫂
12	孱
12	孳
12	富
12	寐
12	寒
12	寓
12	寔
12	尊
12	尋
12	就
12	属
12	屡
12	嵋
12	嵌
12	嵎
12	嵐
12	嵒
12	嵜
12	嵬
12	嵯
12	嵳
12	巽
12	帽
12	幀
12	幃
12	幄
12	幅
12	幇
12	幾
12	廁
12	廂
12	廃
12	廐
12	弑
12	弼
12	弾
12	彭
12	御
12	徨
12	復
12	循
12	悲
12	悳
12	悶
12	惑
12	惠
12	惡
12	惣
12	惰
12	惱
12	惴
12	惶
12	惹
12	惺
12	惻
12	愀
12	愃
12	愉
12	愎
12	愕
12	愡
12	愧
12	慌
12	慨
12	戞
12	戟
12	扉
12	掌
12	掣
12	掾
12	揀
12	揃
12	揄
12	揆
12	揉
12	提
12	插
12	揖
12	揚
12	換
12	握
12	揣
12	揩
12	揮
12	援
12	揺
12	搓
12	搜
12	搭
12	敞
12	散
12	敦
12	敬
12	斌
12	斐
12	斑
12	斯
12	晩
12	普
12	景
12	晰
12	晴
12	晶
12	智
12	暁
12	暃
12	暎
12	暑
12	曾
12	替
12	最
12	朝
12	朞
12	期
12	棄
12	棆
12	棉
12	棊
12	棋
12	棍
12	棒
12	棔
12	棕
12	棗
12	棘
12	棚
12	棟
12	棠
12	棡
12	棣
12	棧
12	森
12	棯
12	棲
12	棹
12	棺
12	椀
12	椁
12	椄
12	椅
12	椈
12	椋
12	椌
12	植
12	椎
12	椏
12	椒
12	椙
12	椚
12	検
12	椡
12	椢
12	椣
12	椥
12	椦
12	椨
12	椪
12	椰
12	楮
12	極
12	榔
12	欹
12	欺
12	欽
12	款
12	歯
12	殕
12	殖
12	殘
12	殼
12	毯
12	毳
12	淵
12	渙
12	減
12	渝
12	渟
12	渡
12	渣
12	渤
12	渥
12	温
12	渫
12	測
12	渭
12	港
12	游
12	渺
12	渾
12	湃
12	湊
12	湍
12	湎
12	湖
12	湘
12	湛
12	湟
12	湧
12	湫
12	湮
12	湯
12	湲
12	湶
12	湾
12	湿
12	満
12	溂
12	溌
12	溲
12	滋
12	滑
12	滞
12	焙
12	焚
12	焜
12	無
12	焦
12	然
12	焼
12	煮
12	爲
12	爺
12	牋
12	牌
12	犀
12	犂
12	犇
12	猥
12	猩
12	猯
12	猴
12	猶
12	猾
12	琢
12	琥
12	琲
12	琳
12	琴
12	琵
12	琶
12	琺
12	瑛
12	瑯
12	甥
12	甦
12	番
12	畫
12	畭
12	畳
12	畴
12	疎
12	疏
12	痘
12	痙
12	痛
12	痞
12	痢
12	痣
12	痩
12	痾
12	登
12	發
12	皓
12	皖
12	皴
12	盜
12	睇
12	短
12	硝
12	硫
12	硬
12	硯
12	硲
12	硴
12	祺
12	祿
12	禄
12	禅
12	禍
12	禽
12	稀
12	稈
12	程
12	稍
12	税
12	窖
12	窗
12	窘
12	竢
12	竣
12	童
12	竦
12	筅
12	筆
12	筈
12	等
12	筋
12	筌
12	筍
12	筏
12	筐
12	筑
12	筒
12	答
12	策
12	筝
12	筥
12	筬
12	筵
12	粟
12	粡
12	粢
12	粤
12	粥
12	粧
12	粨
12	粫
12	粭
12	紫
12	絎
12	絏
12	結
12	絖
12	絛
12	絞
12	絡
12	絢
12	絣
12	給
12	絨
12	絮
12	統
12	絲
12	絳
12	絵
12	絶
12	絽
12	翔
12	翕
12	耋
12	聒
12	脹
12	脾
12	腆
12	腋
12	腎
12	腑
12	腓
12	腔
12	腕
12	腱
12	腴
12	舒
12	舜
12	艇
12	萩
12	萪
12	萬
12	萱
12	萼
12	落
12	葆
12	葉
12	葎
12	葛
12	葡
12	葢
12	董
12	葦
12	葩
12	葫
12	葬
12	葭
12	葮
12	葯
12	葱
12	葵
12	葷
12	葹
12	葺
12	蒂
12	蒄
12	蒋
12	蒐
12	蓚
12	蛔
12	蛙
12	蛛
12	蛞
12	蛟
12	蛤
12	蛩
12	蛬
12	蛭
12	蛮
12	蛯
12	蜑
12	蜒
12	衆
12	街
12	裁
12	裂
12	装
12	裕
12	裙
12	補
12	裡
12	覃
12	覗
12	覘
12	覚
12	觚
12	觝
12	訴
12	訶
12	診
12	註
12	証
12	詁
12	詆
12	詈
12	詐
12	詑
12	詒
12	詔
12	評
12	詛
12	詞
12	詠
12	貂
12	貯
12	貰
12	貳
12	貴
12	買
12	貸
12	費
12	貼
12	貽
12	貿
12	賀
12	賁
12	趁
12	超
12	越
12	跋
12	跌
12	跏
12	跖
12	跚
12	跛
12	践
12	躰
12	軫
12	軸
12	軻
12	軼
12	軽
12	辜
12	逼
12	逾
12	遁
12	遂
12	遅
12	遇
12	遉
12	遊
12	運
12	遍
12	遏
12	遐
12	遑
12	遒
12	道
12	達
12	違
12	遖
12	鄒
12	酢
12	酣
12	酥
12	釉
12	量
12	釿
12	鈍
12	鈎
12	鈑
12	鈔
12	鈕
12	鈞
12	鈩
12	鈬
12	鉅
12	開
12	閏
12	閑
12	間
12	閔
12	閖
12	隔
12	隕
12	隘
12	隙
12	雁
12	雄
12	雅
12	集
12	雇
12	雋
12	雰
12	雲
12	靫
12	靭
12	靱
12	韮
12	項
12	順
12	須
12	颪
12	飩
12	飫
12	飭
12	飯
12	飲
12	馭
12	馮
12	骭
12	黍
12	黹
12	鼎
13	亂
13	亶
13	催
13	傭
13	傳
13	傴
13	債
13	傷
13	傾
13	僂
13	僅
13	僉
13	働
13	像
13	剽
13	剿
13	勠
13	勢
13	勣
13	勤
13	勦
13	勧
13	匯
13	嗄
13	嗅
13	嗇
13	嗔
13	嗚
13	嗜
13	嗣
13	嗤
13	嗷
13	嗹
13	嘩
13	園
13	圓
13	堽
13	塋
13	塑
13	塒
13	塗
13	塘
13	塙
13	塚
13	塞
13	塢
13	塩
13	填
13	塰
13	墓
13	壼
13	夢
13	奧
13	奨
13	媼
13	媽
13	媾
13	嫁
13	嫉
13	嫋
13	嫌
13	嫐
13	寛
13	寝
13	寞
13	尠
13	嵩
13	嵶
13	幌
13	幎
13	幕
13	幹
13	廈
13	廉
13	廓
13	彁
13	彙
13	徭
13	微
13	想
13	惷
13	愁
13	愆
13	愈
13	愍
13	意
13	愚
13	愛
13	感
13	愴
13	愼
13	愽
13	愾
13	慄
13	慈
13	慊
13	慍
13	慎
13	慥
13	戡
13	戦
13	搆
13	損
13	搏
13	搖
13	搗
13	搦
13	搨
13	搬
13	搶
13	携
13	搾
13	摂
13	摸
13	数
13	斟
13	新
13	旒
13	暄
13	暇
13	暈
13	暉
13	暖
13	暗
13	暘
13	會
13	椴
13	椶
13	椹
13	椽
13	椿
13	楊
13	楓
13	楔
13	楕
13	楙
13	楚
13	楜
13	楝
13	楞
13	楠
13	楡
13	楢
13	楪
13	楫
13	業
13	楯
13	楳
13	楴
13	楷
13	楸
13	楹
13	楼
13	楽
13	楾
13	榁
13	概
13	榊
13	榾
13	槌
13	槎
13	槐
13	歃
13	歇
13	歳
13	殿
13	毀
13	溏
13	源
13	準
13	溘
13	溜
13	溝
13	溟
13	溢
13	溥
13	溪
13	溯
13	溶
13	溷
13	溺
13	溽
13	滂
13	滄
13	滅
13	滉
13	滌
13	滓
13	滔
13	滝
13	漓
13	漠
13	漣
13	煉
13	煌
13	煎
13	煖
13	煙
13	煢
13	煤
13	煥
13	煦
13	照
13	煩
13	煬
13	牒
13	献
13	猷
13	猿
13	獅
13	獏
13	琿
13	瑁
13	瑕
13	瑙
13	瑚
13	瑜
13	瑞
13	瑟
13	瑰
13	瑳
13	甃
13	甄
13	甅
13	甞
13	當
13	畷
13	畸
13	痰
13	痲
13	痳
13	痴
13	痺
13	痼
13	痿
13	瘁
13	皙
13	盞
13	盟
13	睚
13	睛
13	睡
13	督
13	睥
13	睦
13	睨
13	睫
13	睹
13	矮
13	硼
13	碁
13	碆
13	碇
13	碌
13	碍
13	碎
13	碑
13	碓
13	碕
13	碗
13	碚
13	禀
13	禁
13	禊
13	禎
13	福
13	稔
13	稗
13	稘
13	稙
13	稚
13	稜
13	稟
13	稠
13	窟
13	窩
13	竪
13	筧
13	筮
13	筰
13	筱
13	筴
13	筺
13	節
13	粮
13	粱
13	粲
13	粳
13	糀
13	絹
13	綉
13	綏
13	經
13	継
13	続
13	綛
13	罧
13	罨
13	罩
13	罪
13	罫
13	置
13	署
13	羣
13	群
13	羨
13	義
13	耡
13	聖
13	聘
13	肄
13	肅
13	肆
13	腟
13	腥
13	腦
13	腫
13	腮
13	腰
13	腸
13	腹
13	腺
13	腿
13	舅
13	與
13	艀
13	蒔
13	蒙
13	蒜
13	蒟
13	蒡
13	蒭
13	蒲
13	蒸
13	蒹
13	蒻
13	蒼
13	蒿
13	蓁
13	蓄
13	蓆
13	蓉
13	蓊
13	蓋
13	蓍
13	蓐
13	蓑
13	蓖
13	蓙
13	蓬
13	蓮
13	蔀
13	蔭
13	虜
13	虞
13	號
13	蛸
13	蛹
13	蛻
13	蛾
13	蜀
13	蜂
13	蜃
13	蜆
13	蜈
13	蜉
13	蜊
13	蜍
13	衙
13	裏
13	裔
13	裘
13	裝
13	裟
13	裨
13	裲
13	裸
13	裼
13	裾
13	褂
13	褄
13	觜
13	解
13	触
13	觧
13	詢
13	詣
13	試
13	詩
13	詫
13	詬
13	詭
13	詮
13	詰
13	話
13	該
13	詳
13	詼
13	誂
13	誄
13	誅
13	誇
13	誉
13	誕
13	誠
13	諍
13	豊
13	豢
13	貅
13	貉
13	貊
13	貲
13	賂
13	賃
13	賄
13	資
13	賈
13	賊
13	賍
13	賎
13	跟
13	跡
13	跣
13	跨
13	跪
13	跫
13	路
13	跳
13	躱
13	軾
13	較
13	輅
13	載
13	輊
13	輌
13	辞
13	辟
13	農
13	遘
13	遙
13	遜
13	遞
13	遠
13	遡
13	遣
13	遥
13	遨
13	鄙
13	酩
13	酪
13	酬
13	鈴
13	鈷
13	鈿
13	鉄
13	鉈
13	鉉
13	鉋
13	鉐
13	鉗
13	鉚
13	鉛
13	鉞
13	鉢
13	鉤
13	鉦
13	鉱
13	閘
13	閙
13	閠
13	際
13	障
13	隠
13	雉
13	雍
13	雎
13	零
13	雷
13	雹
13	電
13	靖
13	靴
13	靹
13	韵
13	頌
13	頏
13	預
13	頑
13	頒
13	頓
13	飮
13	飴
13	飼
13	飽
13	飾
13	馳
13	馴
13	骰
13	髢
13	魁
13	魂
13	鳧
13	鳩
13	鳫
13	鳰
13	麁
13	黽
13	鼓
13	鼠
14	僊
14	僑
14	僕
14	僖
14	僚
14	僞
14	僣
14	僥
14	僧
14	僭
14	僮
14	儁
14	兢
14	冩
14	劃
14	匱
14	厭
14	厮
14	厰
14	嗽
14	嗾
14	嘆
14	嘉
14	嘔
14	嘖
14	嘗
14	嘘
14	嘛
14	圖
14	團
14	塲
14	塵
14	塹
14	塾
14	境
14	墅
14	増
14	墜
14	墟
14	墮
14	墸
14	壽
14	夐
14	夥
14	奩
14	奪
14	奬
14	嫖
14	嫗
14	嫡
14	嫣
14	嫦
14	嫩
14	孵
14	察
14	寡
14	寢
14	寤
14	寥
14	實
14	寧
14	寨
14	對
14	嶂
14	嶄
14	嶇
14	嶋
14	嶌
14	嶐
14	幔
14	幗
14	幣
14	廏
14	廖
14	廣
14	弊
14	彰
14	徳
14	徴
14	愨
14	愬
14	愿
14	慂
14	慇
14	態
14	慓
14	慕
14	慘
14	慚
14	慝
14	慟
14	慢
14	慣
14	慯
14	慱
14	慳
14	慴
14	慵
14	慷
14	截
14	搴
14	摎
14	摘
14	摧
14	摶
14	摺
14	敲
14	斡
14	旗
14	暝
14	暢
14	暦
14	暮
14	曄
14	榎
14	榑
14	榕
14	榛
14	榜
14	榠
14	榧
14	榮
14	榱
14	榲
14	榴
14	榻
14	榿
14	槁
14	槃
14	槇
14	槊
14	構
14	槍
14	槓
14	様
14	槙
14	槝
14	槞
14	槨
14	樋
14	模
14	樺
14	歉
14	歌
14	歴
14	殞
14	毓
14	滬
14	滯
14	滲
14	滴
14	滷
14	滸
14	滾
14	滿
14	漁
14	漂
14	漆
14	漉
14	漏
14	漑
14	演
14	漕
14	漢
14	漫
14	漬
14	漱
14	漲
14	漸
14	漾
14	潅
14	潴
14	煕
14	煽
14	熄
14	熈
14	熊
14	熏
14	熔
14	熕
14	熙
14	熬
14	爾
14	犒
14	犖
14	獄
14	瑠
14	瑣
14	瑤
14	瑪
14	瑶
14	璃
14	甍
14	疑
14	瘉
14	瘋
14	瘍
14	瘟
14	瘧
14	皷
14	皸
14	皹
14	盡
14	監
14	睾
14	睿
14	碣
14	碧
14	碩
14	碪
14	碯
14	碵
14	磁
14	磆
14	磋
14	禝
14	種
14	稱
14	稲
14	窪
14	竭
14	端
14	竰
14	箆
14	箇
14	箋
14	箍
14	箏
14	箒
14	箔
14	箕
14	算
14	箘
14	箙
14	箚
14	箜
14	箝
14	箟
14	管
14	箪
14	箸
14	粹
14	粽
14	精
14	綜
14	綟
14	綢
14	綣
14	綫
14	綬
14	維
14	綮
14	綯
14	綰
14	綱
14	網
14	綴
14	綵
14	綸
14	綺
14	綻
14	綽
14	綾
14	綿
14	緇
14	緊
14	緋
14	総
14	緑
14	緒
14	緕
14	罰
14	翠
14	翡
14	聚
14	聞
14	聟
14	聡
14	聢
14	肇
14	腐
14	膀
14	膂
14	膃
14	膈
14	膊
14	膏
14	膜
14	臧
14	臺
14	舞
14	蓴
14	蓼
14	蓿
14	蔆
14	蔑
14	蔓
14	蔔
14	蔕
14	蔗
14	蔘
14	蔚
14	蔟
14	蔡
14	蔦
14	蔵
14	蔽
14	蜘
14	蜚
14	蜜
14	蜥
14	蜩
14	蜴
14	蜷
14	蜻
14	蜿
14	蝉
14	蝋
14	蝕
14	蝸
14	螂
14	裳
14	裴
14	裹
14	製
14	複
14	褊
14	褌
14	褐
14	褓
14	褝
14	褞
14	褪
14	覡
14	誌
14	認
14	誑
14	誓
14	誘
14	誚
14	語
14	誡
14	誣
14	誤
14	誥
14	誦
14	誨
14	説
14	読
14	豪
14	貌
14	貍
14	賑
14	賓
14	赫
14	趙
14	跼
14	跿
14	踈
14	踉
14	踊
14	輒
14	輓
14	輔
14	輕
14	辣
14	適
14	遭
14	遮
14	遯
14	鄭
14	鄰
14	鄲
14	酲
14	酳
14	酵
14	酷
14	酸
14	鉾
14	銀
14	銃
14	銅
14	銑
14	銓
14	銕
14	銖
14	銘
14	銚
14	銛
14	銜
14	銭
14	鋩
14	錚
14	関
14	閣
14	閤
14	閥
14	閧
14	閨
14	閭
14	隣
14	隧
14	隨
14	雌
14	雑
14	需
14	霆
14	静
14	靤
14	靺
14	靼
14	鞁
14	鞄
14	鞅
14	鞆
14	韶
14	頗
14	領
14	頚
14	颯
14	颱
14	餃
14	餅
14	餉
14	養
14	餌
14	馼
14	駁
14	駄
14	駅
14	駆
14	髣
14	髦
14	髪
14	魃
14	魄
14	魅
14	鳳
14	鳴
14	鳶
14	麼
14	鼻
14	齊
15	僵
15	價
15	僻
15	儀
15	儂
15	億
15	儉
15	儚
15	冪
15	凛
15	凜
15	劇
15	劈
15	劉
15	劍
15	勲
15	匳
15	嘱
15	嘲
15	嘶
15	嘸
15	噂
15	噌
15	噎
15	噐
15	噛
15	噴
15	墨
15	墫
15	墳
15	墹
15	墺
15	嫺
15	嫻
15	嬉
15	嬋
15	嬌
15	審
15	寫
15	寮
15	導
15	層
15	履
15	嶝
15	嶢
15	幟
15	幡
15	幢
15	幤
15	廚
15	廛
15	廝
15	廟
15	廠
15	廡
15	廢
15	彈
15	影
15	徹
15	慙
15	慧
15	慫
15	慮
15	慰
15	慶
15	慾
15	憂
15	憇
15	憎
15	憐
15	憔
15	憚
15	憤
15	憧
15	憫
15	憬
15	憮
15	懊
15	戮
15	戯
15	摩
15	摯
15	撃
15	撈
15	撒
15	撓
15	撕
15	撚
15	撞
15	撤
15	撥
15	撩
15	撫
15	播
15	撮
15	撰
15	撲
15	撹
15	撻
15	擒
15	敵
15	敷
15	數
15	暫
15	暴
15	暹
15	暼
15	槧
15	槫
15	槭
15	槲
15	槹
15	槻
15	槽
15	槿
15	樂
15	樅
15	樊
15	樌
15	樒
15	樓
15	樔
15	樗
15	標
15	樛
15	樞
15	樟
15	樢
15	樣
15	権
15	横
15	樫
15	樮
15	橄
15	橡
15	橢
15	歎
15	歐
15	歓
15	歔
15	殤
15	毅
15	毆
15	滕
15	漿
15	潁
15	潔
15	潘
15	潛
15	潜
15	潟
15	潤
15	潦
15	潭
15	潮
15	潯
15	潰
15	潸
15	潺
15	潼
15	澁
15	澂
15	澄
15	澆
15	澎
15	澑
15	澗
15	澳
15	濆
15	熟
15	熨
15	熱
15	獎
15	獗
15	瑩
15	瑾
15	璋
15	甌
15	甎
15	畿
15	瘠
15	瘡
15	瘢
15	瘤
15	皚
15	皺
15	盤
15	瞋
15	瞎
15	瞑
15	確
15	碼
15	碾
15	磅
15	磊
15	磐
15	磑
15	磔
15	稷
15	稻
15	稼
15	稽
15	稾
15	稿
15	穀
15	穂
15	穃
15	窮
15	窯
15	窰
15	箭
15	箱
15	箴
15	篁
15	範
15	篆
15	篇
15	篋
15	篌
15	篏
15	糂
15	糅
15	糊
15	糎
15	緘
15	線
15	緜
15	緝
15	緞
15	締
15	緡
15	緤
15	編
15	緩
15	緬
15	緯
15	緲
15	練
15	縁
15	縄
15	縅
15	縋
15	縒
15	罵
15	罷
15	罸
15	羮
15	羯
15	翦
15	翩
15	翫
15	聨
15	膓
15	膕
15	膚
15	膝
15	膠
15	膣
15	膤
15	膵
15	舖
15	舗
15	艘
15	蔬
15	蕀
15	蕁
15	蕃
15	蕈
15	蕉
15	蕊
15	蕋
15	蕎
15	蕕
15	蕘
15	蕚
15	蕣
15	蕨
15	蕩
15	蕪
15	蝌
15	蝎
15	蝓
15	蝗
15	蝙
15	蝟
15	蝠
15	蝣
15	蝦
15	蝨
15	蝪
15	蝮
15	蝴
15	蝶
15	蝿
15	衛
15	衝
15	褒
15	褥
15	褫
15	覩
15	誰
15	課
15	誹
15	誼
15	調
15	諂
15	諄
15	談
15	請
15	諌
15	諏
15	諒
15	論
15	諚
15	諛
15	諸
15	諾
15	豌
15	豎
15	豫
15	豬
15	貎
15	賚
15	賛
15	賜
15	賞
15	賠
15	賢
15	賣
15	賤
15	賦
15	質
15	賭
15	赭
15	趣
15	踏
15	踐
15	踝
15	踞
15	踟
15	踪
15	輙
15	輛
15	輜
15	輝
15	輟
15	輦
15	輩
15	輪
15	遲
15	遵
15	遶
15	遷
15	選
15	遺
15	遼
15	邁
15	醂
15	醇
15	醉
15	醋
15	銷
15	銹
15	鋏
15	鋒
15	鋤
15	鋪
15	鋭
15	鋲
15	鋳
15	錵
15	錺
15	閲
15	險
15	霄
15	震
15	霈
15	霊
15	靠
15	鞋
15	鞍
15	鞏
15	鞐
15	頡
15	頬
15	餒
15	餓
15	餔
15	餘
15	餝
15	駈
15	駐
15	駑
15	駒
15	駕
15	駘
15	駛
15	駝
15	駟
15	骸
15	骼
15	髫
15	髮
15	髯
15	髱
15	髴
15	鬧
15	魯
15	魴
15	鴃
15	鴆
15	鴇
15	鴈
15	鴉
15	鴎
15	麩
15	麪
15	麹
15	麾
15	黎
15	黙
15	齒
16	儒
16	儔
16	儕
16	儖
16	儘
16	冀
16	凝
16	劑
16	劒
16	劔
16	勳
16	勵
16	厳
16	叡
16	嘯
16	嘴
16	噤
16	器
16	噪
16	噫
16	噬
16	噸
16	噺
16	嚆
16	圜
16	墻
16	墾
16	壁
16	壅
16	壇
16	壊
16	壌
16	奮
16	嬖
16	嬢
16	學
16	寰
16	嶬
16	嶮
16	嶼
16	廨
16	廩
16	彊
16	彜
16	徼
16	憊
16	憑
16	憖
16	憙
16	憩
16	憲
16	憶
16	憺
16	憾
16	懆
16	懈
16	懌
16	懍
16	懐
16	戰
16	撼
16	擁
16	擂
16	擅
16	擇
16	操
16	擔
16	據
16	整
16	旙
16	暸
16	暾
16	曁
16	曇
16	曉
16	樵
16	樶
16	樸
16	樹
16	樽
16	橇
16	橈
16	橋
16	橘
16	橙
16	機
16	橦
16	橲
16	橸
16	檎
16	檠
16	歙
16	殪
16	殫
16	澡
16	澣
16	澤
16	澪
16	澱
16	澹
16	激
16	濁
16	濂
16	濃
16	濛
16	熹
16	熾
16	燃
16	燈
16	燉
16	燎
16	燐
16	燒
16	燔
16	燕
16	燗
16	營
16	燠
16	燧
16	燵
16	獣
16	獨
16	獪
16	獲
16	璞
16	璢
16	瓢
16	甑
16	疂
16	瘰
16	瘴
16	瘻
16	盥
16	盧
16	瞞
16	瞠
16	瞥
16	瞰
16	磚
16	磧
16	磨
16	磬
16	禧
16	禪
16	穆
16	積
16	穎
16	穏
16	穐
16	窶
16	窺
16	窿
16	築
16	篝
16	篠
16	篤
16	篥
16	篦
16	篩
16	篭
16	篳
16	篷
16	簑
16	糒
16	糖
16	糘
16	糢
16	緻
16	縉
16	縊
16	縛
16	縞
16	縟
16	縡
16	縢
16	縣
16	縦
16	縫
16	縺
16	罹
16	羲
16	翰
16	耨
16	膨
16	膩
16	膰
16	膳
16	臈
16	臻
16	興
16	舉
16	舘
16	艙
16	蕗
16	蕭
16	蕷
16	蕾
16	薀
16	薄
16	薇
16	薈
16	薊
16	薐
16	薑
16	薔
16	薗
16	薙
16	薛
16	薜
16	薤
16	薦
16	薨
16	薩
16	薪
16	薫
16	薬
16	薮
16	薯
16	融
16	螟
16	螢
16	螯
16	蟆
16	蟇
16	蟒
16	衞
16	衡
16	褶
16	褸
16	襃
16	覦
16	覧
16	親
16	諜
16	諞
16	諠
16	諡
16	諢
16	諤
16	諦
16	諧
16	諫
16	諭
16	諮
16	諱
16	諳
16	諷
16	諺
16	謀
16	謁
16	謂
16	謎
16	謔
16	踰
16	踴
16	踵
16	蹂
16	蹄
16	蹉
16	躾
16	輯
16	輳
16	輸
16	輹
16	輻
16	辧
16	辨
16	遽
16	避
16	邀
16	邂
16	還
16	醍
16	醐
16	醒
16	醗
16	醜
16	鋸
16	鋺
16	鋼
16	錆
16	錏
16	錐
16	錘
16	錙
16	錠
16	錢
16	錣
16	錦
16	錨
16	錫
16	錬
16	錮
16	錯
16	録
16	錻
16	鍄
16	鍋
16	鍵
16	閹
16	閻
16	閼
16	閾
16	闍
16	隰
16	隱
16	隲
16	隷
16	雕
16	霍
16	霎
16	霏
16	霑
16	霓
16	霖
16	霙
16	靜
16	靦
16	鞘
16	頤
16	頭
16	頴
16	頷
16	頸
16	頻
16	頼
16	頽
16	餐
16	餞
16	餠
16	餡
16	餤
16	館
16	駢
16	駭
16	駮
16	駱
16	駲
16	髭
16	髷
16	髻
16	鬨
16	鮃
16	鮎
16	鮑
16	鮒
16	鮓
16	鮖
16	鮗
16	鴒
16	鴕
16	鴛
16	鴟
16	鴣
16	鴦
16	鴨
16	鴪
16	鴫
16	鴬
16	麈
16	麭
16	麺
16	黔
16	默
16	龍
17	償
17	儡
17	優
17	儲
17	嚀
17	嚇
17	嚊
17	嚏
17	嚮
17	壑
17	壓
17	壕
17	壗
17	壙
17	嬪
17	嬬
17	嬰
17	嬲
17	嬶
17	孺
17	嶷
17	嶺
17	嶽
17	彌
17	徽
17	懃
17	懇
17	應
17	懋
17	懦
17	戲
17	戴
17	擘
17	擠
17	擡
17	擢
17	擣
17	擦
17	擧
17	擬
17	擯
17	擱
17	擲
17	擴
17	斂
17	斃
17	曖
17	曙
17	曚
17	朦
17	橿
17	檀
17	檄
17	檍
17	檐
17	檗
17	檜
17	檢
17	檣
17	檪
17	檬
17	櫛
17	歛
17	歟
17	氈
17	澀
17	濔
17	濕
17	濘
17	濟
17	濠
17	濡
17	濤
17	濫
17	濬
17	濮
17	濯
17	濱
17	濶
17	瀁
17	瀞
17	燥
17	燦
17	燬
17	燭
17	燮
17	爵
17	牆
17	犠
17	獰
17	環
17	甓
17	甕
17	療
17	癆
17	癇
17	癈
17	癌
17	癘
17	盪
17	瞬
17	瞭
17	瞳
17	瞶
17	矯
17	磯
17	磴
17	磽
17	礁
17	礇
17	禦
17	禮
17	穉
17	穗
17	竃
17	篶
17	簀
17	簇
17	簍
17	簒
17	簓
17	簔
17	簗
17	簧
17	糜
17	糞
17	糟
17	糠
17	縮
17	縱
17	縲
17	縵
17	縷
17	縹
17	縻
17	總
17	績
17	繁
17	繃
17	繆
17	繊
17	繋
17	繍
17	罅
17	翳
17	翼
17	聯
17	聰
17	聲
17	聳
17	聴
17	膸
17	膺
17	膽
17	膾
17	膿
17	臀
17	臂
17	臆
17	臉
17	臨
17	舊
17	艚
17	艝
17	艱
17	薹
17	薺
17	藁
17	藉
17	藍
17	藏
17	藐
17	虧
17	螫
17	螳
17	螺
17	螻
17	螽
17	蟀
17	蟄
17	蟋
17	蟐
17	蠎
17	褻
17	襁
17	襄
17	襌
17	襍
17	襖
17	覬
17	覯
17	謄
17	謇
17	謌
17	謐
17	謖
17	謗
17	謙
17	謚
17	講
17	謝
17	謠
17	謡
17	謨
17	譁
17	谿
17	豁
17	貔
17	貘
17	賺
17	賻
17	購
17	賽
17	贅
17	趨
17	蹇
17	蹈
17	蹊
17	蹌
17	蹐
17	蹕
17	輾
17	輿
17	轂
17	轄
17	轅
17	邃
17	邇
17	邉
17	醢
17	醤
17	鍍
17	鍔
17	鍖
17	鍛
17	鍜
17	鍠
17	鍬
17	鍮
17	鍼
17	鍾
17	鎚
17	鎹
17	闃
17	闇
17	闊
17	闌
17	隸
17	雖
17	霜
17	霞
17	鞜
17	鞠
17	韓
17	顆
17	颶
17	餬
17	餽
17	饂
17	馘
17	駸
17	駻
17	駿
17	騁
17	髀
17	魍
17	魎
17	魏
17	鮟
17	鮠
17	鮨
17	鮪
17	鮫
17	鮭
17	鮮
17	鮴
17	鴻
17	鴾
17	鴿
17	鵁
17	鵄
17	鵆
17	鵈
17	麋
17	麿
17	黏
17	黛
17	黜
17	黝
17	點
17	黻
17	鼾
17	齋
17	齔
17	齢
17	龜
17	龠
18	叢
18	嚔
18	嚠
18	嚢
18	壘
18	彝
18	懣
18	懴
18	戳
18	擶
18	擺
18	擽
18	擾
18	攅
18	斷
18	旛
18	曜
18	曠
18	檮
18	檳
18	檸
18	檻
18	櫁
18	櫂
18	櫃
18	櫚
18	歸
18	殯
18	濺
18	濾
18	瀉
18	瀋
18	瀏
18	瀑
18	瀦
18	燹
18	燻
18	燼
18	燿
18	獵
18	璧
18	瓊
18	癒
18	癖
18	癜
18	瞹
18	瞻
18	瞼
18	瞽
18	瞿
18	矇
18	礎
18	礑
18	礒
18	禰
18	穡
18	穢
18	穣
18	穫
18	竄
18	竅
18	簟
18	簡
18	簣
18	簪
18	糧
18	織
18	繕
18	繖
18	繙
18	繚
18	繝
18	繞
18	繦
18	繧
18	繭
18	羂
18	羃
18	翹
18	翻
18	聶
18	職
18	臍
18	臑
18	臓
18	艟
18	藕
18	藜
18	藝
18	藤
18	藥
18	藩
18	藪
18	藷
18	蟠
18	蟯
18	蟲
18	襟
18	襠
18	覆
18	覲
18	観
18	觴
18	謦
18	謫
18	謬
18	謳
18	謹
18	謾
18	豐
18	贄
18	蹙
18	蹟
18	蹠
18	蹣
18	蹤
18	躇
18	轆
18	轉
18	轌
18	邊
18	醪
18	醫
18	釐
18	鎌
18	鎔
18	鎖
18	鎗
18	鎧
18	鎬
18	鎭
18	鎮
18	鎰
18	鏈
18	闔
18	闕
18	闖
18	闘
18	隴
18	雙
18	雛
18	雜
18	離
18	霤
18	霧
18	鞣
18	鞦
18	鞨
18	鞫
18	鞭
18	鞳
18	顋
18	題
18	額
18	顎
18	顏
18	顔
18	顕
18	餮
18	餾
18	馥
18	騅
18	騎
18	騏
18	騒
18	験
18	髄
18	鬆
18	鬩
18	鮹
18	鯀
18	鯆
18	鯉
18	鯊
18	鯏
18	鯑
18	鯒
18	鵐
18	鵑
18	鵙
18	鵜
18	鵝
18	鵞
18	鵠
18	鵤
18	麌
18	黠
18	鼕
18	鼬
19	勸
19	嚥
19	嚴
19	壜
19	壞
19	壟
19	嬾
19	寳
19	寵
19	巌
19	廬
19	懲
19	懶
19	懷
19	攀
19	曝
19	櫑
19	櫓
19	櫞
19	櫟
19	殱
19	濳
19	瀕
19	瀘
19	瀚
19	瀛
19	瀝
19	瀟
19	瀧
19	瀬
19	爆
19	爍
19	牘
19	犢
19	獸
19	獺
19	璽
19	瓣
19	疆
19	疇
19	癡
19	癢
19	礙
19	礦
19	礪
19	穩
19	簫
19	簷
19	簸
19	簽
19	簾
19	簿
19	籀
19	繩
19	繪
19	繰
19	繹
19	羅
19	羆
19	羶
19	羸
19	羹
19	臘
19	艢
19	艤
19	艨
19	艶
19	藹
19	藺
19	藻
19	藾
19	蘂
19	蘆
19	蘇
19	蘊
19	蘋
19	蘓
19	蘢
19	蟶
19	蟷
19	蟹
19	蟻
19	蟾
19	蠅
19	蠍
19	蠏
19	蠖
19	襞
19	襤
19	襦
19	襪
19	覇
19	覈
19	證
19	譌
19	譎
19	譏
19	譖
19	識
19	譚
19	譛
19	譜
19	警
19	贇
19	贈
19	贊
19	贋
19	蹲
19	蹴
19	蹶
19	蹼
19	軅
19	轍
19	轎
19	辭
19	醯
19	鏃
19	鏐
19	鏑
19	鏖
19	鏗
19	鏘
19	鏝
19	鏡
19	鏤
19	鏥
19	鏨
19	關
19	難
19	霪
19	靡
19	鞴
19	韜
19	韲
19	韻
19	願
19	顛
19	類
19	饅
19	饉
19	騙
19	騨
19	騷
19	魑
19	鯔
19	鯖
19	鯛
19	鯡
19	鯢
19	鯣
19	鯤
19	鯨
19	鯰
19	鯱
19	鯲
19	鯵
19	鵡
19	鵬
19	鵯
19	鵲
19	鵺
19	鶇
19	鶉
19	鶏
19	鹸
19	麑
19	麒
19	麓
19	麕
19	麗
19	黼
20	嚶
20	嚼
20	壤
20	壥
20	孀
20	孃
20	孅
20	寶
20	巉
20	巍
20	廰
20	懸
20	懺
20	懽
20	攘
20	曦
20	朧
20	櫨
20	櫪
20	瀰
20	瀲
20	瀾
20	灌
20	爐
20	犧
20	獻
20	瓏
20	疉
20	矍
20	礫
20	礬
20	竇
20	競
20	籃
20	籌
20	籍
20	籏
20	糯
20	糲
20	繻
20	繼
20	繽
20	繿
20	纂
20	纃
20	罌
20	耀
20	聹
20	臙
20	臚
20	艦
20	蘖
20	蘗
20	蘚
20	蘭
20	蘯
20	蘰
20	蠑
20	蠕
20	蠣
20	襭
20	覺
20	觸
20	譟
20	譫
20	譬
20	譯
20	議
20	譱
20	譲
20	譴
20	護
20	譽
20	贍
20	贏
20	躁
20	躄
20	躅
20	軆
20	轗
20	辮
20	醴
20	醵
20	醸
20	釋
20	鐃
20	鐇
20	鐐
20	鐓
20	鐔
20	鐘
20	鐙
20	鐚
20	鐡
20	鐫
20	闡
20	闥
20	霰
20	響
20	飃
20	飄
20	饋
20	饌
20	饐
20	饑
20	饒
20	饗
20	馨
20	騫
20	騰
20	驀
20	髏
20	鬪
20	魔
20	鰄
20	鰆
20	鰈
20	鰉
20	鰊
20	鰌
20	鰍
20	鰐
20	鰒
20	鰓
20	鰔
20	鰕
20	鰛
20	鰰
20	鶚
20	鶤
20	鶩
20	鶫
20	鶻
20	鹹
20	黥
20	黨
20	齟
20	齠
20	齡
20	齣
21	儷
21	儺
21	儼
21	囀
21	囁
21	囂
21	囃
21	囈
21	屬
21	廱
21	懼
21	懾
21	攜
21	攝
21	曩
21	櫺
21	櫻
21	欄
21	欅
21	權
21	歡
21	殲
21	爛
21	瓔
21	癧
21	癨
21	癩
21	癪
21	禳
21	竈
21	籐
21	籔
21	籖
21	纈
21	纉
21	續
21	纎
21	纏
21	纐
21	罍
21	臟
21	艪
21	蠡
21	蠢
21	襯
21	覽
21	贐
21	贓
21	贔
21	躊
21	躋
21	躍
21	躑
21	轜
21	轟
21	辯
21	醺
21	鐵
21	鐶
21	鐸
21	鐺
21	鑁
21	鑓
21	闢
21	露
21	霸
21	霹
21	韃
21	顧
21	飆
21	飜
21	騾
21	驂
21	驃
21	驅
21	髓
21	鬘
21	鰡
21	鰤
21	鰥
21	鰭
21	鰮
21	鰯
21	鰲
21	鶯
21	鶲
21	鶴
21	鶸
21	鶺
21	鷁
21	鷂
21	鷄
21	鷆
21	鷏
21	麝
21	黯
21	齎
21	齦
21	齧
22	儻
22	囎
22	巒
22	巓
22	巖
22	彎
22	懿
22	攤
22	灑
22	灘
22	疊
22	癬
22	穰
22	竊
22	竸
22	籘
22	籟
22	籠
22	糴
22	纒
22	罎
22	羇
22	聽
22	聾
22	艫
22	蘿
22	蠧
22	襲
22	襴
22	襷
22	覿
22	讀
22	讃
22	贖
22	躓
22	躔
22	轡
22	轢
22	邏
22	鑄
22	鑑
22	鑒
22	鑛
22	霽
22	霾
22	顫
22	饕
22	驍
22	驕
22	驚
22	髑
22	體
22	鬚
22	鬻
22	鰹
22	鰺
22	鰻
22	鰾
22	鱆
22	鱇
22	鱈
22	鷓
22	鷙
22	黐
22	齪
22	齬
22	龕
22	龝
23	戀
23	攣
23	攪
23	攫
23	欒
23	癰
23	籤
23	籥
23	纓
23	纔
23	纖
23	罐
23	蠱
23	變
23	讌
23	讎
23	讐
23	躙
23	轣
23	轤
23	鑚
23	鑞
23	鑠
23	鑢
23	靆
23	靨
23	韈
23	顯
23	驗
23	驛
23	髞
23	鬟
23	魘
23	鱒
23	鱗
23	鱚
23	鷦
23	鷭
23	鷯
23	鷲
23	鷸
23	麟
23	黴
23	鼇
23	齏
24	囑
24	囓
24	攬
24	癲
24	矗
24	籬
24	羈
24	艷
24	蠶
24	蠹
24	衢
24	觀
24	讒
24	讓
24	讖
24	讙
24	軈
24	釀
24	鑪
24	靂
24	靄
24	靈
24	韆
24	顰
24	驟
24	鬢
24	鱠
24	鱧
24	鷹
24	鷺
24	鷽
24	鹽
24	黌
24	鼈
24	齲
24	齶
24	齷
25	廳
25	欖
25	欝
25	灣
25	糶
25	纛
25	臠
25	蠻
25	覊
25	躡
25	鑰
25	鑵
25	靉
25	顱
25	鬣
25	鱶
26	矚
26	讚
26	躪
26	釁
26	鑷
26	顴
26	驢
26	驥
26	黶
27	纜
27	鑼
27	鑽
27	鑾
27	顳
27	驤
27	驩
27	鬮
27	鱸
27	黷
28	欟
28	鑿
28	钁
28	鸚
28	鸛
29	驪
29	鬱
30	爨
30	驫
30	鸞
